<?xml version="1.0" encoding="UTF-8"?>
<project-private xmlns="http://www.netbeans.org/ns/project-private/1">
    <editor-bookmarks xmlns="http://www.netbeans.org/ns/editor-bookmarks/2" lastBookmarkId="0"/>
    <open-files xmlns="http://www.netbeans.org/ns/projectui-open-files/2">
        <group>
            <file>file:/C:/Users/Gonzalo/Desktop/cotiZalud-master/cotiZalud/src/cotizalud/GUI/GUI_Main.java</file>
            <file>file:/C:/Users/Gonzalo/Desktop/cotiZalud-master/cotiZalud/src/cotizalud/Contexto/Medicamento.java</file>
            <file>file:/C:/Users/Gonzalo/Desktop/cotiZalud-master/cotiZalud/src/cotizalud/Main/Main.java</file>
            <file>file:/C:/Users/Gonzalo/Desktop/cotiZalud-master/cotiZalud/src/cotizalud/GUI/GUI_Medicamentos.java</file>
            <file>file:/C:/Users/Gonzalo/Desktop/cotiZalud-master/cotiZalud/test/Test/CotizaludTest.java</file>
        </group>
    </open-files>
</project-private>
